{
    "expiryDate":{
        "required":"Expiry Date is required"
    },
    "applicantName":{
        "required":"Applicant Name is required"
    },
    "dateofIssue":{
        "required": "Date Issue is required"
    },
    "dateApplication": {
         "required": "Date Of Application is required"
    },
    "gteCurrency": {
         "required": "Currency is required"
    },
    "gteAmount":{
         "required": "GTE Amount is required"
    },

     "applicantAddress":{
         "required": "Applicant Address is required"
    },
     "address":{
         "required": "Address is required"
    }
}