{
	"basicInformation": {
		"gwisId": "TTHKHBAP17080-185325855C",
		"status": "Locked",
		"createdUser": "Dennis",
		"createdTime" : "2017-06-15 12:14:10",
		"lastModifiedUser": "Dennis",
		"lastModifiedTime": "2017-06-15 12:14:10",
		"workStep": "Indexing",
		"nextWorkStep": "Recording"
	},
	"commonInformation": {
		"inChannel": "123WDM",
		"channelDateTime": "06-16-2017 01:01:01",
		"scanBatchRef": "AMH55439",
		"branchCode": "oo2",
		"targetDate": "2014-01-02 11:42:00",
		"priority": "123WDM",
		"custSegmnt": "Standard",
		"lob": "CMB",
		"strtPgNo": "0",
		"portfolioCode": "XX009",
		"supplementary": "No",
		"processingSite": "AMH",
		"processingType": "Import DC Bill",
		"attachToAppReference": "",
		"sendOriginal": ""
	},
	"indexingInformation": {
		"customerAccountNumber": "123WDM",
		"applicationDateTime": "2014-01-02 11:42:00",
		"customerName": "Roy",
		"applicationReference": "123WDM",
		"transactionCurrency": "123WDM",
		"transactionAmount": "123WDM",
		"captureUnderProduct": "123WDM",
		"sgNumber": "123WDM",
		"otherBankReference": "123WDM",
		"dcNumber": "123",
		"billReferenceNumber": "124",
		"nameSearch": "",
		"ghoCustClass": "gt"
	}
}
