{
    "customerAccountNumber":{
        "required":"customerAccountNumber is required"
    },
    "customerName":{
        "required":"customerName is required"
    },
    "applicationDateTime":{
        "required": "applicationDateTime is required"
    },
    "transactionCurrency": {
         "required": "transactionCurrency is required"
    },
    "transactionAmount": {
         "required": "transactionAmount is required"
    },
    "dcNumber":{
         "required": "dcNumber is required"
    }
}