 {
    "gwisId":{
        "required":"gwisId is required"
    },
    "status":{
        "required":"status is required"
    },
    "createdUser":{
        "required": "createdUser is required"
    },
    "lastModifiedUser": {
         "required": "lastModifiedUser is required"
    },
    "lastModifiedTime": {
         "required": "lastModifiedTime is required"
    },
    "createdTime":{
         "required": "createdTime is required"
    },
    "workStep":{
         "required": "workStep is required"
    },
     "nextWorkStep":{
         "required": "nextWorkStep is required"
    }
}