{
    "priority":{
        "required":"priority is required"
    },
    "targetDate":{
        "required":"targetDate is required"
    },
    "processingType":{
        "required": "processingType is required"
    },
    "custSegmnt": {
         "required": "custSegmnt is required"
    },
    "lob": {
         "required": "lob is required"
    },
    "supplementary":{
         "required": "supplementary is required"
    },
    "processingSite":{
         "required": "processingSite is required"
    },
     "attachToAppReference":{
         "required": "attachToAppReference is required"
    }
}