{

     "targetDate":{
        "required":"Target Compleion Date is required"
    },
    "priority":{
        "required":"Priority is required"
    },
    "processingType":{
        "required": "Processing Type is required"
    },
    "custSegmnt": {
         "required": "Customer Segmentation is required"
    },
    "lob": {
         "required": "Lob is required"
    },
    "supplementary":{
         "required": "Supplementary is required"
    },

    "currency":{
        "inValid":"Allowed digits only. Two digits after decimal are mandatory"
    },
    "processingSite":{
        "required":"Processing Site is required"       
    },
    "branchCode":{
        "required":"Branch Code is required",
        "minLength":"Branch code should be of 3 digit"
    }, 

    "customerName":{
        "required":"Customer Name is required",
        "inValid":"Please Enter Alpha Numeric Value Only"
    },
    "customerAccountNumber":{
        "required":"Customer Acc No is required",
        "inValid":"Customer Acc No should be xxx-xxxxxx-xxx"
    },
    "transactionCurrency":{
        "required":"Transaction Currency is required"
        
    },
    "applicationDateTime":{
        "required":"Date time is required",
        "inValid":"Application data and time should not be later than Channel in date and time"
    },
    "applicationReference":{
        "required":"Application Ref is required"
    },
    "transactionAmount":{
        "required":"Transaction Amount is required",
        "inValid":"Please Enter Numeric Value Only"
    },
    "captureUnderProduct":{
        "required":"Capture Under Product is required"
    },
    "sgNumber":{
         "inValid":"Please Enter Alpha Numeric Value Only"
    },
     "gteExpiryDate":{
         "required":"Expiry Date is required"
    },
    "otherBankReference": {
          "inValid":"Please Enter Alpha Numeric Value Only"
    },
    "dcNumber":{
         "required":"DC number is required",
         "inValid":"Please Enter Alpha Numeric Value Only"
    },
    "billReferenceNumber":{        
         "inValid":"Please Enter Alpha Numeric Value Only"
    },
    "accountNumber_gm":{
         "inValid":"Please Enter Alphabetic Value Only",
         "maxLength" :"Please enter 4 Aplhabetic value "
    },
    "accountNumber_cn":{
         "inValid":"Please Enter Numeric Value Only",
         "maxLength" :"Please enter 6 Numeric digits "
    },
    "accountNumber_ia":{
         "inValid":"Please Enter Numeric Value Only",
         "maxLength" :"Please enter 3 Numeric digits "
    },
    "accountNumber_bn":{
         "inValid":"Please Enter Numeric Value Only",
         "maxLength" :"Please enter 3 Numeric digits "
    },
    "issuanceBranch":{
         "inValid":"Please Enter Alphabetic Value Only",
         "maxLength" :"Please enter 3 aplhabetic value"
    },
    "transactionNumber":{
         "inValid":"Please Enter Numeric Value Only",
         "maxLength" :"Please enter 6 Numeric digits "
    },
   "transactionNumberUn":{
         "inValid":"Please Enter Alphabetic Value Only",
         "maxLength" :"Please enter 3 aplhabetic value"
    },
    "dcNumber2":{
         "inValid":"Please Enter Alphabetic Value Only",
         "maxLength" :"Please enter 3 aplhabetic value"
    },
     "dcNumber3":{
         "inValid":"Please Enter Numeric Value Only",
         "maxLength" :"Please enter 6 numeric digits"
    },
    "businessUnitId":{
         "inValid":"Please Enter Numeric Value Only",
         "maxLength" :"Please enter 4 numeric digits"
    },
    "copyFromAccountNumber_gm":{
         "inValid":"Please Enter Alphabetic Value Only",
         "maxLength" :"Please enter 4 Aplhabetic value "
    },
    "copyFromAccountNumber_cn":{
         "inValid":"Please Enter Numeric Value Only",
         "maxLength" :"Please enter 6 Numeric digits "
    },
    "copyFromAccountNumber_ia":{
         "inValid":"Please Enter Numeric Value Only",
         "maxLength" :"Please enter 3 Numeric digits "
    },
    "copyFromAccountNumber_bn":{
         "inValid":"Please Enter Numeric Value Only",
         "maxLength" :"Please enter 3 Numeric digits "
    },
    
    "copyIssuanceBranch":{
         "inValid":"Please Enter Alphabetic Value Only",
         "maxLength" :"Please enter 3 aplhabetic value"
    },
    "copyFromTrn":{
         "inValid":"Please Enter Numeric Value Only",
         "maxLength" :"Please enter 6 Numeric digits "
    },
   "copytransactionNumberUn":{
         "inValid":"Please Enter Alphabetic Value Only",
         "maxLength" :"Please enter 3 aplhabetic value"
    },
    "definitionCriteria": {
             "accountNumber": "BD",
            "accountNumber_gm":"HSBC",
            "accountNumber_bn": "001",
            "accountNumber_cn": "",
            "accountNumber_an": "",          
            "productType":"",
            "issuanceBranch" :"DAZ",
           "transactionNumber": "",
           "transactionNumberUn" : "SEL",
            "dcNumber": "",
            "dcNumber1" : "",
            "dcNumber2" : "",
            "dcNumber3": "",
            "createTemplate": "No",
            "summaryAmendment": "N",
            "copyFromAccount": "",
            "copyFromAccountNumber_gm":"HSBC",
            "copyFromAccountNumber_bn": "001",
            "copyFromAccountNumber_cn": "",
            "copyFromAccountNumber_an": "",
            "businessUnitId": "0101",
            "wolfStatus": "Y",
            "copyFromTrn": "",            
            "copytransactionNumberUn" : "",
            "copyissuanceBranch": ""
    } ,
    "billAmount": {
        "required": "Bill amount is required"
    },
     "billCurrency": {
        "required": "Bill Currency is required"
    },
    "negotiationBankRef": {
        "required": "Negotiation Bank Reference is required"
    },

    "reimbursingAc_gm":{
         "inValid":"Please Enter Alphabetic Value Only",
         "maxLength" :"Please enter 4 Aplhabetic value "
    },
    "reimbursingAc_cn":{
         "inValid":"Please Enter Numeric Value Only",
         "maxLength" :"Please enter 6 Numeric digits "
    },
    "reimbursingAc_ia":{
         "inValid":"Please Enter Numeric Value Only",
         "maxLength" :"Please enter 3 Numeric digits "
    },
    "reimbursingAc_bn":{
         "inValid":"Please Enter Numeric Value Only",
         "maxLength" :"Please enter 3 Numeric digits "
    },
    "reimbursingAc1":{
         "inValid":"Please Enter Alphabetic Value Only",
         "maxLength" :"Please enter 2 Numeric digits "
    }

}