{
    "customerName":{
        "required":"Customer Name is required",
        "inValid":"Please Enter Alpha Numeric Value Only"
    },
    "customerAccountNumber":{
        "required":"Customer Acc No is required",
        "inValid":"Customer Acc No should be xxx-xxxxxx-xxx"
    },
    "transactionCurrency":{
        "required":"Transaction Currency is required"
    },
    "applicationDateTime":{
        "required":"Date time is required"
    },
    "applicationReference":{
        "required":"Application Ref is required"
    },
    "transactionAmount":{
        "required":"Transaction Amount is required"
    },
    "captureUnderProduct":{
        "required":"Capture Under Product is required"
    },
    "sgNumber":{
        "required":"GTE Number is required"
    },
     "gteExpiryDate":{
         "required":"Expiry Date is required"
    },
    "otherBankReference": {
         "required":"Other Bank Ref is required"
    }

}