{
    "availBal": {
        "required": "Available Balance is required"
    },
     "iMCPct": {
        "required": "Cash% is required",
        "inValid":"Value Between 1 to 100 can be provided."
    },
      "applicableRules": {
        "required": "Applicable Rules is required"
    },
    "marginExp": {
        "required": "Margin/Exp is required"
    },    
      "ctrlOnGood": {
        "required": "Control Of Good is required"
    },
    "attchNbr": {
        "required": "No.Of Attachment is required",
        "inValid":"Maximum Two Numbers can be provided."
    },
    "notificationPeriod": {
        "required": "Notification Period is required"
    },
    "dCLinAmt": {
        "required": "Amount is required"
    },
    "recievableFrequency": {
        "required": "Recievable Frequency is required"
    },
    "recivableBasis": {
        "required": "Recivable Basis is required"
    },
    "commissionRate": {
        "required": "Commission Rate is required"
    },
    "ctrlLmtData.lmtLine": {
        "required": "Control Limit is required"
    },
    "ctrlLmtData.lmtType": {
        "required": "Control Limit is required"
    },
    "grpLmtData.lmtType": {
        "required": "Group Limit is required"
    },
    "grpLmtData.lmtLine": {
        "required": "Group Limit is required"
    },
    "commissionCollectAte": {
        "required": "Commission Collect At is required"
    },
    "commonCalcMethod": {
        "required": "Common Calc Method is required"
    },
    "incrDecrSchedule": {
        "required": "Incr/Decr Schedule is required"
    },
    "receivableSchedule": {
        "required": "Receivable Schedule is required"
    },
    "increaseDecreaseScheduleInformation": {
        "required": "Increase/Decrease Schedule Information is required"
    },
    "receivableScheduleInformation": {
        "required": "Receivable Schedule Information  is required"
    },
    "GTEIssuanceComm": {
        "required": "GTE Issuance Comm is required"
    },
    "VATOnGTEIssuanceComm": {
        "required": "VAT on GTE Issuance Comm is required"
    },
    "chargeDrAccount5": {
        "required": "Charge Dr Account is required"
    },
    "chargeDrAccount6": {
        "required": "Charge Dr Account is required"
    },
    "chargeDrAccount7": {
        "required": "Charge Dr Account is required"
    },
    "chargeDrAccount8": {
        "required": "Charge Dr Account is required"
    },
    "chargeDrAccount9": {
        "required": "Charge Dr Account is required"
    }
}
