{
    "basicInformation": {
        "gwisId": "TTHKHBAP17080-185325855C",
        "status": "Locked",
        "createdUser": "2017-06-15 12:14:09",
        "lastModifiedUser": "Dennis",
        "lastModifiedTime": "2017-06-15 12:14:10",
        "createdTime": "2017-06-15 12:14:10",
        "workStep": "Indexing",
        "nextWorkStep": ""
    },
    "commonInformation": {
        "inChannel": "",
        "channelDateTime": "",
        "scanBatchRef": "",
        "branchCode": "",
        "targetDate": "2017-07-13T11:42",
        "priority": "",
        "custSegmnt": "",
        "lob": "",
        "strtPgNo": "",
        "portfolioCode": "",
        "supplementary": "",
        "processingSite": "",
        "processingType": "Guarantee Issuance",
        "attachToAppReference": "",
        "sendNextQueue": ""
    },
    "indexingInformation": {
        "customerAccountNumber": "",
        "applicationDateTime": "",
        "customerName": "",
        "applicationReference": "",
        "transactionCurrency": "",
        "transactionAmount": "",
        "captureUnderProduct": "",
        "sgNumber": "",
        "otherBankReference": "",
        "gteExpiryDate": ""
    }
}