{
    "basicInfo": {
        "applicantName": "",
        "applicantAddress": "",
        "beneficiaryNameSearch": "",
        "address": "",
        "country": "",
        "customerReference": "",
        "expiryDate": "",
        "dateofIssue": "",
        "dateApplication": "",
        "gteCurrency": "",
        "gteAmount": ""
    },
    "bankInfo": {
        "reimbursementBank": "",
        "reimbursementBankAddress": "",
        "reimbursementBankAddress2": "",
        "reimbursementBankAddress3": "",
        "advisingBank": "",
        "advisingBankAddress": "",
        "advisingBankAddress2": "",
        "advisingBankAddress3": "",
        "establishedBy": "",
        "establishedBy2": "",
        "advisingThroughBank": "",
        "advisingThroughBankAddress": "",
        "advisingThroughBankAddress2": "",
        "advisingThroughBankAddress3": "",
        "chargerForAccountOf": ""
    }
}