{
  "GTE_Recording": {
    "TransactionNumber": [
      {
        "code": "TXN100",
        "DropDownValue": "Transaction 100",
        "DropdownName": "TransactionNumber"
      },
      {
        "code": "TXN101",
        "DropDownValue": "Transaction 101",
        "DropdownName": "TransactionNumber"
      }
    ],
    "ReimbursementBank": [
      {
        "code": "ReiHSBC",
        "DropDownValue": "HSBC Bank",
        "DropdownName": "ReimbursementBank"
      },
      {
        "code": "ReiCITI",
        "DropDownValue": "CITI Bank",
        "DropdownName": "ReimbursementBank"
      },
      {
        "code": "ReiHDFC",
        "DropDownValue": "HDFC Bank",
        "DropdownName": "ReimbursementBank"
      },
      {
        "code": "ReiAxis",
        "DropDownValue": "Axis Bank",
        "DropdownName": "ReimbursementBank"
      }
    ],
    "Drawee": [
      {
        "code": "Drawee02",
        "DropDownValue": "No",
        "DropdownName": "Drawee"
      },
      {
        "code": "Drawee01",
        "DropDownValue": "Yes",
        "DropdownName": "Drawee"
      }
    ],
    "CopyFromTRN": [
      {
        "code": "CPYTRN02",
        "DropDownValue": "Cpy Transaction 02",
        "DropdownName": "CopyFromTRN"
      },
      {
        "code": "CPYTRN02",
        "DropDownValue": "Cpy Transaction 02",
        "DropdownName": "CopyFromTRN"
      }
    ],
    "Country": [
      {
        "code": "CN",
        "DropDownValue": "CANADA",
        "DropdownName": "Country"
      },
      {
        "code": "AU",
        "DropDownValue": "Australia",
        "DropdownName": "Country"
      },
      {
        "code": "FR",
        "DropDownValue": "FRANCE",
        "DropdownName": "Country"
      }
    ],
    "WOLFStatus": [
      {
        "code": "WlfSts01",
        "DropDownValue": "YES",
        "DropdownName": "WOLFStatus"
      },
      {
        "code": "WlfSts02",
        "DropDownValue": "NO",
        "DropdownName": "WOLFStatus"
      }
    ],
    "CreateTemplate": [
      {
        "code": "GTRFTemp1",
        "DropDownValue": "Template 1",
        "DropdownName": "CreateTemplate"
      },
      {
        "code": "GTRFTemp2",
        "DropDownValue": "Template 2",
        "DropdownName": "CreateTemplate"
      }
    ],
    "GuaranteeCurrency": [
      {
        "code": "AED",
        "DropDownValue": "Arab Emirates Dirham",
        "DropdownName": "GuaranteeCurrency"
      },
      {
        "code": "AFA",
        "DropDownValue": "Afghanistan",
        "DropdownName": "GuaranteeCurrency"
      },
      {
        "code": "AMD",
        "DropDownValue": "Argentinian Nuevo peso",
        "DropdownName": "GuaranteeCurrency"
      },
      {
        "code": "FKP",
        "DropDownValue": "Great Britain Pound",
        "DropdownName": "GuaranteeCurrency"
      }
    ],
    "EstablishedBy": [
      {
        "code": "AirMail",
        "DropDownValue": "Airmail",
        "DropdownName": "EstablishedBy"
      },
      {
        "code": "SWIFT",
        "DropDownValue": "FullCable",
        "DropdownName": "EstablishedBy"
      }
    ],
    "DraftAt": [
      {
        "code": "Draft02",
        "DropDownValue": "Draft At HKG",
        "DropdownName": "DraftAt"
      },
      {
        "code": "Draft01",
        "DropDownValue": "Draft At UK",
        "DropdownName": "DraftAt"
      }
    ],
    "FurtherIdentification": [
      {
        "code": "FI02",
        "DropDownValue": "Not Requaired",
        "DropdownName": "FurtherIdentification"
      },
      {
        "code": "FI01",
        "DropDownValue": "Requaired",
        "DropdownName": "FurtherIdentification"
      }
    ],
    "FIClient": [
      {
        "code": "FIClient02",
        "DropDownValue": "FI Client 02",
        "DropdownName": "FIClient"
      },
      {
        "code": "FIClient01",
        "DropDownValue": "FI Client 01",
        "DropdownName": "FIClient"
      }
    ],
    "IEDivisionCode": [
      {
        "code": "IEDC01",
        "DropDownValue": "HKF",
        "DropdownName": "IEDivisionCode"
      },
      {
        "code": "IEDC02",
        "DropDownValue": "HongKong",
        "DropdownName": "IEDivisionCode"
      }
    ],
    "ChargerForAccountOf": [
      {
        "code": "GTRFACC",
        "DropDownValue": "GTRF Account",
        "DropdownName": "ChargerForAccountOf"
      },
      {
        "code": "HSBCACC",
        "DropDownValue": "HSBC Account",
        "DropdownName": "ChargerForAccountOf"
      }
    ],
    "RationalDefination": [
      {
        "code": "Rational02",
        "DropDownValue": "Rational Def 02",
        "DropdownName": "RationalDefination"
      },
      {
        "code": "Rational01",
        "DropDownValue": "Rational Def 01",
        "DropdownName": "RationalDefination"
      }
    ],
    "Variance": [
      {
        "code": "Var01",
        "DropDownValue": "10",
        "DropdownName": "Variance"
      },
      {
        "code": "Var02",
        "DropDownValue": "20",
        "DropdownName": "Variance"
      }
    ]
  }
}
