{
    "targetDate":{
        "required":"Target Compleion Date is required"
    },
    "priority":{
        "required":"Priority is required"
    },
    "processingType":{
        "required": "Processing Type is required"
    },
    "custSegmnt": {
         "required": "Customer Segmentation is required"
    },
    "lob": {
         "required": "Lob is required"
    },
    "supplementary":{
         "required": "Supplementary is required"
    },
    "currency":{
        "inValid":"Allowed digits only. Two digits after decimal are mandatory"
    },
    "processingSite":{
        "required":"Processing Site is required"       
    },
     "attachToAppReference":{
        "required":"Attach To App Reference is required"       
    }
}