            {

                 "billNo": "BR DAK 455096DAK",
                "accountNumber_6": "",
            "accountNumber_3": "",
            "accountNumber":"",
            "productType":"",
            "issuanceBranch" :"",
           "transactionNumber": "",
           "transactionNumberUn" : "",
            "dcNumber": "DPCDAK",
            "dcNumber1" : "",
            "dcNumber2" : "",
            "dcNumber3": "",
            "createTemplate": "Y",
            "summaryAmendment": "N",
            "copyFromAccount": "",
            "copyFromAccount1":"",
            "copyFromAccount2" :"",
            "copyFromAccount3": "",
            "copyFromAccount4": "",
            "copyFromAccount5": "",
            "businessUnitId": "0101",
            "wolfStatus": "Y",
            "copyFromTrn": "",
            "status": "success",
            "gtReferenceNo": "FNGSEL478699",
            "workItemRef": "TTHKBAP15132-000934299P27",
            "acNo": "AB HSBC 123-123456-123",
             "applicant": "AB HSBC 123-123456-123",
             "targetTime": "07 July 2017 14:00:00",
             "version": "V000.00",
             "dcNo": "DPCDAK",
             "dealNumber": "AB03-012345"
            

            }